Median,p25,p75,MedianS,pS25,pS75
0.9221374017014787,0.6724786832555764,1.2045859526511236,0.5912927807268522,0.3126796168852134,0.8830595957679193
